{
    "Sheet1": [
        {
            "stt": "1",
            "symbol": "26/2007",
            "date": "15/02/2007",
            "company": "Chính Phủ",
            "name": "Quy định chi tiết thi hành luật giao dịch điện tử về chữ ký số và dịch vụ chứng thực chữ ký số",
            "url": "http://www.viettel-ca.vn/media/documents/vbpq_chung_thuc_so.pdf"
        },
        {
            "stt": "2",
            "symbol": "51/2005/QH11",
            "date": "29/11/2005",
            "company": "Quốc hội",
            "name": "Luật Giao dịch điện tử 51/2005/QH11 ngày 29 tháng 11 năm 2005.",
            "url": "http://www.viettel-ca.vn/media/documents/luat_gd_dt.pdf"
        },
        {
            "stt": "3",
            "symbol": "498/GP-BTTTT",
            "date": "28/09/2015",
            "company": "BTTTT",
            "name": "Giấy phép kinh doanh dịch vụ chứng thực chữ ký số Viettel-CA được Bộ TT&TT cấp 28/09/2015",
            "url": "http://www.viettel-ca.vn/media/documents/gpkd_cts.pdf"
        },
        {
            "stt": "1",
            "symbol": "3816/BHXH-CNTT",
            "date": "30/08/2017",
            "company": "BHXH",
            "name": "Văn bản Triển khai Bộ công cụ tập trung dữ liệu thu, số thẻ và hệ thống Giao dịch điện tử - Bảo hiểm Xã hội Việt Nam",
            "url": "http://www.viettel-ca.vn/media/documents/vb_trien_khai.pdf"
        }
    ]
}